CENTRO,AÑO,MES,INCIDENTE_POLICIAL,INCIDENTE_TRÁNSITO,INCIDENTE_SALUD,INCIDENTE_SERVICIOS_MUNICIPALES,INCIDENTE_BOMBEROS,INCIDENTE_GESTIÓN_DE_RIESGO,INCIDENTE_MILITAR,TOTAL_DE_INCIDENTES_RECEPTADOS,INCIDENTE_CLAVES_ROJAS,DE_LLAMADAS_MALINTENCIONADAS_O_INDEBIDAS,CANTIDAD_DE_TELEFONOS_ENVIADOS_A_SANCIÓN,DE_LLAMADAS_GENERADAS_POR_LOS_TELEFONOS_SANCIONADOS,DE_LLAMADAS_NORMALES,TOTAL_DE_LLAMADAS_RECIBIDAS
SAMBORONDÓN,2012,FEBRERO, 17.684 , 2.602 , 2.762 , 3.439 , 690 , 327 , 3 , 27.507 , 13.920 , 116.863 , 578 , 15.762 , 29.609 , 349.355 
SAMBORONDÓN,2012,MARZO, 21.836 , 2.945 , 3.568 , 3.171 , 700 , 219 , 18 , 32.457 , 16.425 , 74.615 , 631 , 16.405 , 34.353 , 375.656 
SAMBORONDÓN,2012,ABRIL, 20.856 , 3.161 , 3.114 , 2.541 , 730 , 34 , 53 , 30.489 , 15.429 , 312.842 , 2.922 , 85.093 , 33.360 , 412.333 
SAMBORONDÓN,2012,MAYO, 24.164 , 3.736 , 2.836 , 2.213 , 610 , 15 , 15 , 33.589 , 16.997 , 360.485 , 3.362 , 89.715 , 40.473 , 429.378 
SAMBORONDÓN,2012,JUNIO, 23.639 , 3.819 , 2.598 , 1.148 , 611 , 10 , 12 , 31.837 , 16.111 , 355.838 , 3.258 , 84.625 , 37.254 , 418.794 
SAMBORONDÓN,2012,JULIO, 25.994 , 4.800 , 2.648 , 1.379 , 921 , 7 , 13 , 35.762 , 18.097 , 390.133 , 18.324 , 172.417 , 42.981 , 453.890 
SAMBORONDÓN,2012,AGOSTO, 23.662 , 3.128 , 2.313 , 767 , 1.075 , 1 , 25 , 30.971 , 15.673 , 351.363 , 16.762 , 153.684 , 37.170 , 410.744 
SAMBORONDÓN,2012,SEPTIEMBRE, 21.233 , 3.399 , 1.993 , 562 , 1.188 , 5 , 14 , 28.394 , 14.368 , 340.861 , 15.756 , 145.163 , 34.499 , 402.063 
SAMBORONDÓN,2012,OCTUBRE, 19.950 , 3.754 , 2.421 , 701 , 1.340 , 3 , 6 , 28.175 , 14.258 , 353.859 , 14.705 , 122.895 , 33.802 , 415.374 
SAMBORONDÓN,2012,NOVIEMBRE, 20.685 , 3.410 , 2.289 , 803 , 1.465 , 2 , 4 , 28.658 , 14.502 , 345.327 , 14.112 , 118.931 , 34.762 , 409.200 
SAMBORONDÓN,2012,DICIEMBRE, 25.570 , 4.604 , 3.100 , 2.066 , 1.518 , 7 , 7 , 36.872 , 18.659 , 330.903 , 14.112 , 109.746 , 43.298 , 407.238  
SAMBORONDÓN,2013,ENERO, 37.598 , 3.234 , 2.302 , 2.285 , 644 , 12 , 16 , 46.091 , 21.866 , 395.192 , 17.156 , 141.747 , 52.813 , 497.490 
SAMBORONDÓN,2013,FEBRERO, 37.623 , 3.660 , 2.674 , 2.201 , 489 , 45 , 42 , 46.734 , 21.817 , 374.039 , 18.364 , 173.892 , 54.074 , 474.771 
SAMBORONDÓN,2013,MARZO, 42.649 , 3.840 , 3.653 , 4.144 , 619 , 480 , 46 , 55.431 , 26.217 , 387.290 , 18.828 , 185.052 , 66.318 , 498.770 
SAMBORONDÓN,2013,ABRIL, 40.124 , 3.552 , 3.637 , 2.673 , 661 , 29 , 22 , 50.698 , 24.772 , 383.076 , 18.652 , 182.883 , 60.978 , 486.169 
SAMBORONDÓN,2013,MAYO, 40.168 , 3.834 , 3.928 , 1.669 , 824 , 6 , 24 , 50.453 , 25.906 , 359.244 , 17.221 , 158.775 , 60.049 , 461.482 
SAMBORONDÓN,2013,JUNIO, 40.253 , 3.748 , 3.850 , 1.089 , 764 , 2 , 6 , 49.712 , 26.426 , 299.728 , 14.189 , 128.403 , 59.611 , 401.490 
SAMBORONDÓN,2013,JULIO, 36.345 , 3.667 , 4.364 , 983 , 941 , 5 , 30 , 46.335 , 25.338 , 263.493 , 11.154 , 105.187 , 54.976 , 360.003 
SAMBORONDÓN,2013,AGOSTO, 34.370 , 3.628 , 5.165 , 1.114 , 1.357 , 14 , 22 , 45.670 , 26.465 , 237.283 , 8.044 , 84.023 , 54.973 , 333.720 
SAMBORONDÓN,2013,SEPTIEMBRE, 37.540 , 3.749 , 5.235 , 1.437 , 1.469 , 16 , 12 , 49.458 , 26.519 , 231.553 , 9.194 , 97.486 , 60.298 , 332.759 
SAMBORONDÓN,2013,OCTUBRE, 35.998 , 3.789 , 5.256 , 1.069 , 1.378 , 13 , 14 , 47.517 , 25.683 , 240.681 , 9.977 , 100.666 , 57.907 , 340.345 
SAMBORONDÓN,2013,NOVIEMBRE, 37.178 , 3.619 , 5.769 , 688 , 1.300 , 6 , 14 , 48.574 , 27.129 , 237.482 , 9.682 , 97.724 , 59.869 , 343.721 
SAMBORONDÓN,2013,DICIEMBRE, 45.080 , 4.628 , 5.870 , 619 , 1.712 , 10 , 16 , 57.935 , 31.771 , 273.489 , 11.246 , 113.551 , 74.622 , 385.203 
SAMBORONDÓN,2014,ENERO, 42.914 , 3.790 , 6.222 ,, 1.007 , 114 , 26 , 54.073 , 31.154 , 307.307 , 12.978 , 138.496 , 66.108 , 429.892 
SAMBORONDÓN,2014,FEBRERO, 41.736 , 3.505 , 6.161 ,, 635 , 51 , 22 , 52.110 , 29.332 , 282.930 , 11.970 , 127.736 , 60.101 , 398.882 
SAMBORONDÓN,2014,MARZO, 50.254 , 3.828 , 6.559 ,, 835 , 61 , 47 , 61.584 , 33.920 , 306.456 ,,, 71.940 , 432.940 
SAMBORONDÓN,2014,ABRIL, 44.752 , 3.424 , 6.170 ,, 741 , 25 , 37 , 55.149 , 29.939 , 270.986 ,,, 63.224 , 398.409 
SAMBORONDÓN,2014,MAYO, 43.184 , 3.730 , 6.637 ,, 789 , 255 , 17 , 54.612 , 31.082 , 154.061 ,,, 63.064 , 331.717 
SAMBORONDÓN,2014,JUNIO, 41.602 , 3.097 , 6.560 ,, 773 , 9 , 16 , 52.057 , 30.544 , 120.900 ,,, 59.487 , 271.335 
SAMBORONDÓN,2014,JULIO, 42.966 , 3.732 , 6.710 ,, 1.080 , 27 , 37 , 54.552 , 30.787 , 192.447 ,,, 61.627 , 316.707 
SAMBORONDÓN,2014,AGOSTO, 49.576 , 4.216 , 7.245 ,, 1.497 , 18 , 31 , 62.583 , 33.558 , 202.797 ,,, 69.963 , 331.300 
SAMBORONDÓN,2014,SEPTIEMBRE, 46.842 , 3.991 , 7.231 ,, 1.571 , 20 , 25 , 59.680 , 32.692 , 154.283 ,,, 67.057 , 271.298 
SAMBORONDÓN,2014,OCTUBRE, 48.194 , 4.010 , 7.115 ,, 1.421 , 13 , 135 , 60.888 , 33.612 , 223.961 ,,, 68.458 , 358.511 
SAMBORONDÓN,2014,NOVIEMBRE, 50.104 , 4.341 , 7.058 ,, 1.473 , 9 , 208 , 63.193 , 35.244 , 203.672 ,,, 72.197 , 336.651 
SAMBORONDÓN,2014,DICIEMBRE, 55.340 , 4.849 , 7.195 ,, 1.796 , 19 , 215 , 69.414 , 38.527 , 203.672 ,,, 79.799 , 344.253 
SAMBORONDÓN,2015,ENERO, 52.232 , 4.667 , 7.325 , 1 , 1.557 , 53 , 312 , 66.147 , 37.553 , 221.457 ,,, 74.557 , 371.345 
SAMBORONDÓN,2015,FEBRERO, 51.227 , 4.720 , 7.106 , 1.613 , 1.108 , 61 , 361 , 66.196 , 35.933 , 204.922 ,,, 72.995 , 343.440 
SAMBORONDÓN,2015,MARZO, 53.799 , 5.080 , 7.837 , 2.613 , 1.097 , 189 , 395 , 71.010 , 37.889 , 238.430 ,,, 79.275 , 392.420 
SAMBORONDÓN,2015,ABRIL, 49.088 , 4.997 , 7.877 , 2.768 , 1.026 , 234 , 320 , 66.310 , 36.588 , 218.892 ,,, 73.560 , 376.285 
SAMBORONDÓN,2015,MAYO, 54.373 , 5.423 , 9.230 , 2.484 , 878 , 103 , 305 , 72.796 , 40.511 , 224.223 ,,, 80.942 , 386.906 
SAMBORONDÓN,2015,JUNIO, 52.309 , 4.892 , 8.454 , 1.579 , 882 , 9 , 186 , 68.311 , 38.911 , 202.996 ,,, 75.680 , 352.667 
SAMBORONDÓN,2015,JULIO, 51.405 , 4.392 , 8.984 , 1.297 , 1.214 , 16 , 198 , 67.506 , 38.625 , 205.320 ,,, 67.506 , 356.723 
SAMBORONDÓN,2015,AGOSTO, 53.689 , 4.704 , 8.847 , 1.071 , 1.294 , 10 , 199 , 69.814 , 38.789 , 205.175 ,,, 78.662 , 354.982 
SAMBORONDÓN,2015,SEPTIEMBRE, 51.275 , 4.289 , 8.530 , 1.088 , 1.424 , 15 , 273 , 66.894 , 38.135 , 192.778 ,,, 76.490 , 336.404 
SAMBORONDÓN,2015,OCTUBRE, 52.123 , 4.586 , 8.667 , 1.172 , 1.455 , 7 , 240 , 68.250 , 38.401 , 187.328 ,,, 78.000 , 328.979 
SAMBORONDÓN,2015,NOVIEMBRE, 54.312 , 4.320 , 8.643 , 1.112 , 1.505 , 17 , 219 , 70.128 , 38.162 , 175.144 ,,, 79.692 , 313.004 
SAMBORONDÓN,2015,DICIEMBRE, 59.331 , 5.366 , 10.470 , 1.811 , 1.819 , 7 , 248 , 79.052 , 42.647 , 182.846 ,,, 85.858 , 331.991 
SAMBORONDÓN,2016,ENERO, 57.070 , 4.300 , 9.420 , 2.401 , 1.173 , 88 , 272 , 74.724 , 46.450 , 180.041 ,,, 85.123 , 340.562 
SAMBORONDÓN,2016,FEBRERO, 53.836 , 3.835 , 9.619 , 1.976 , 936 , 65 , 264 , 70.531 , 37.983 , 176.844 ,,, 80.248 , 319.729 
QUITO,2013,ENERO, 32.924 , 4.766 , 6.288 , 525 , 1.280 , 12 , 5 , 45.800 , 14.732 , 225.020 , 10.444 , 97.969 , 51.677 , 340.008 
QUITO,2013,FEBRERO, 27.189 , 4.016 , 4.994 , 551 , 746 , 53 ,, 37.549 , 12.082 , 218.796 , 10.618 , 96.211 , 42.001 , 311.223 
QUITO,2013,MARZO, 32.707 , 4.234 , 6.380 , 738 , 959 , 144 , 5 , 45.167 , 15.556 , 226.244 , 10.602 , 94.453 , 50.922 , 334.408 
QUITO,2013,ABRIL, 30.122 , 4.245 , 6.445 , 1.092 , 1.086 , 154 , 34 , 43.178 , 14.380 , 222.625 , 10.287 , 10.307 , 49.876 , 269.961 
QUITO,2013,MAYO, 30.269 , 4.279 , 6.761 , 1.234 , 978 , 108 , 8 , 43.637 , 14.476 , 221.099 , 1.347 , 11.093 , 43.637 , 311.533 
QUITO,2013,JUNIO, 31.080 , 4.080 , 6.874 , 895 , 1.354 , 28 , 12 , 44.323 , 15.360 , 200.558 , 9.038 , 78.278 , 51.059 , 301.372 
QUITO,2013,JULIO, 28.608 , 3.756 , 6.583 , 943 , 2.225 , 36 , 21 , 42.172 , 15.068 , 174.604 , 7.350 , 64.489 , 48.470 , 273.159 
QUITO,2013,AGOSTO, 29.417 , 3.754 , 7.349 , 863 , 2.735 , 25 , 34 , 44.177 , 16.890 , 159.658 , 7.104 , 67.417 , 51.946 , 262.026 
QUITO,2013,SEPTIEMBRE, 29.947 , 4.013 , 6.866 , 874 , 2.839 , 45 , 16 , 44.600 , 16.706 , 149.620 , 5.693 , 56.271 , 52.650 , 258.579 
QUITO,2013,OCTUBRE, 30.708 , 4.370 , 7.034 , 1.319 , 1.369 , 57 , 918 , 45.775 , 15.624 , 149.706 , 5.523 , 54.322 , 53.540 , 251.647 
QUITO,2013,NOVIEMBRE, 29.962 , 5.196 , 6.918 , 1.639 , 1.068 , 25 , 994 , 45.802 , 15.005 , 143.658 , 5.412 , 55.147 , 53.302 , 247.792 
QUITO,2013,DICIEMBRE, 32.184 , 5.967 , 7.486 , 1.467 , 1.075 , 25 , 879 , 49.083 , 16.095 , 154.137 , 5.777 , 54.821 , 57.532 , 266.262  
QUITO,2014,ENERO, 27.733 , 4.802 , 6.885 , 1.724 , 1.089 , 60 , 833 , 43.126 , 17.434 , 144.940 , 3.853 , 36.526 , 50.606 , 203.330 
QUITO,2014,FEBRERO, 26.456 , 4.662 , 6.472 , 1.680 , 820 , 40 , 448 , 40.578 , 17.875 , 131.481 , 745 , 8.028 , 56.299 , 233.027 
QUITO,2014,MARZO, 31.038 , 5.323 , 7.635 , 1.911 , 859 , 118 , 659 , 47.543 , 21.255 , 151.930 , 31.920 , 306.184 , 57.908 , 273.156 
QUITO,2014,ABRIL, 30.689 , 5.394 , 7.129 , 1.589 , 986 , 62 , 795 , 46.644 , 20.484 , 156.938 ,,, 55.274 , 268.788 
QUITO,2014,MAYO, 32.604 , 5.695 , 7.927 , 1.280 , 1.029 , 128 , 957 , 49.620 , 23.364 , 146.683 ,,, 58.964 , 263.403 
QUITO,2014,JUNIO, 35.145 , 6.720 , 9.304 , 895 , 1.520 , 45 , 1.131 , 54.760 , 21.660 , 130.084 ,,, 54.878 , 230.886 
QUITO,2014,JULIO, 31.571 , 5.457 , 6.736 , 1.038 , 2.247 , 731 , 400 , 48.180 , 23.091 , 127.233 ,,, 57.593 , 233.932 
QUITO,2014,AGOSTO, 31.973 , 6.494 , 6.638 , 1.186 , 3.340 , 3.143 , 844 , 53.618 , 25.216 , 123.099 ,,, 66.263 , 260.233 
QUITO,2014,SEPTIEMBRE, 31.580 , 7.454 , 7.080 , 1.509 , 2.474 , 283 , 473 , 50.853 , 25.090 , 117.787 ,,, 61.607 , 227.665 
QUITO,2014,OCTUBRE, 33.360 , 8.129 , 7.806 , 1.421 , 1.436 , 224 , 523 , 52.899 , 26.625 , 128.850 ,,, 63.137 , 240.080 
QUITO,2014,NOVIEMBRE, 35.178 , 8.013 , 7.926 , 1.182 , 947 , 257 , 396 , 53.899 , 26.931 , 121.986 ,,, 63.387 , 232.558 
QUITO,2014,DICIEMBRE, 38.070 , 8.893 , 8.541 , 1.281 , 1.164 , 259 , 420 , 58.628 , 30.158 , 140.534 ,,, 69.906 , 265.098 
QUITO,2015,ENERO, 34.015 , 7.297 , 7.983 , 1.442 , 1.423 , 208 , 463 , 52.831 , 27.361 , 146.346 ,,, 61.344 , 261.200 
QUITO,2015,FEBRERO, 32.832 , 6.697 , 7.756 , 1.748 , 1.115 , 272 , 185 , 50.605 , 25.959 , 139.723 ,,, 59.792 , 246.793 
QUITO,2015,MARZO, 36.291 , 7.531 , 8.881 , 1.791 , 1.255 , 408 , 100 , 56.257 , 28.067 , 141.092 ,,, 66.483 , 263.035 
QUITO,2015,ABRIL, 36.110 , 7.271 , 8.036 , 1.829 , 1.201 , 395 , 95 , 54.937 , 26.744 , 133.252 ,,, 64.115 , 257.350 
QUITO,2015,MAYO, 38.381 , 7.784 , 9.046 , 1.502 , 1.197 , 269 , 102 , 58.281 , 30.063 , 154.387 ,,, 68.053 , 283.240 
QUITO,2015,JUNIO, 35.564 , 7.267 , 8.293 , 2.316 , 1.865 , 336 , 99 , 55.740 , 29.175 , 146.817 ,,, 65.773 , 275.925 
QUITO,2015,JULIO, 34.819 , 6.663 , 8.724 , 1.758 , 2.300 , 263 , 147 , 54.674 , 28.985 , 155.418 ,,, 54.674 , 295.838 
QUITO,2015,AGOSTO, 35.820 , 6.020 , 9.365 , 1.455 , 3.838 , 319 , 115 , 56.932 , 31.050 , 138.958 ,,, 67.349 , 280.217 
QUITO,2015,SEPTIEMBRE, 34.515 , 6.642 , 7.876 , 1.734 , 4.482 , 271 , 148 , 55.668 , 30.396 , 129.501 ,,, 66.304 , 259.358 
QUITO,2015,OCTUBRE, 37.203 , 7.571 , 8.578 , 1.758 , 1.768 , 407 , 154 , 57.439 , 30.076 , 140.447 ,,, 66.876 , 259.484 
QUITO,2015,NOVIEMBRE, 35.494 , 6.543 , 8.507 , 1.950 , 1.005 , 342 , 224 , 54.065 , 28.759 , 132.335 ,,, 63.515 , 246.525 
QUITO,2015,DICIEMBRE, 40.815 , 7.884 , 9.253 , 1.998 , 1.486 , 246 , 250 , 61.932 , 32.264 , 141.690 ,,, 73.220 , 270.127  
QUITO,2016,ENERO, 35.925 , 6.416 , 8.927 , 2.224 , 1.346 , 343 , 220 , 55.401 , 34.774 , 139.360 ,,, 65.116 , 255.145 
QUITO,2016,FEBRERO, 36.096 , 6.163 , 8.450 , 1.869 , 1.279 , 306 , 176 , 54.339 , 28.276 , 121.484 ,,, 60.770 , 229.447  
CUENCA,2012,MAYO, 3.453 , 494 , 1.320 , 9 , 151 , 22 ,, 5.449 , 2.928 , 44.508 , 181 ,, 5.449 , 94.924 
CUENCA,2012,JUNIO, 3.967 , 624 , 1.330 , 1 , 266 , 19 , 2 , 6.209 , 3.332 , 46.375 , 893 ,, 6.209 , 76.741 
CUENCA,2012,JULIO, 4.444 , 785 , 1.398 , 0   , 512 , 24 , 2 , 7.165 , 3.963 , 68.193 , 1.434 ,, 8.581 , 85.801 
CUENCA,2012,AGOSTO, 4.305 , 765 , 1.410 , 2 , 1.017 , 21 , 1 , 7.521 , 4.090 , 66.193 , 776 ,, 8.760 , 83.978 
CUENCA,2012,SEPTIEMBRE, 4.819 , 1.023 , 1.584 , 2 , 1.278 , 17 , 6 , 8.729 , 4.268 , 60.775 , 1.175 ,, 10.917 , 83.251 
CUENCA,2012,OCTUBRE, 5.634 , 1.966 , 1.675 , 203 , 557 , 29 , 4 , 10.068 , 2.852 , 59.916 , 1.220  ,, 11.393 , 82.181 
CUENCA,2012,NOVIEMBRE, 6.589 , 2.002 , 1.653 , 188 , 348 , 15 , 2 , 10.797 , 2.792 , 59.728 , 1.190  ,, 12.514 , 84.772 
CUENCA,2012,DICIEMBRE, 10.039 , 2.214 , 1.946 , 297 , 411 , 11 , 1 , 14.919 , 3.533 , 51.409 , 974  ,, 17.739 , 95.918 
CUENCA,2013,ENERO, 10.289 , 2.217 , 1.783 , 343 , 380 , 18 , 8 , 15.038 , 2.625 , 62.878 , 1.385 , 19.888 , 18.349 , 103.326 
CUENCA,2013,FEBRERO, 9.124 , 1.973 , 1.614 , 259 , 249 , 25 , 11 , 13.255 , 3.074 , 59.999 , 1.388 , 17.689 , 15.930 , 92.888 
CUENCA,2013,MARZO, 10.211 , 2.222 , 1.902 , 300 , 312 , 15 , 2 , 14.964 , 3.796 , 59.743 , 1.289 , 17.735 , 18.131 , 99.334 
CUENCA,2013,ABRIL, 10.307 , 2.572 , 1.912 , 319 , 481 , 9 , 4 , 15.604 , 4.002 , 44.844 , 824 , 11.570 , 18.320 , 90.717 
CUENCA,2013,MAYO, 10.599 , 2.927 , 2.106 , 389 , 300 , 136 , 8 , 16.465 , 4.307 , 41.494 , 999 , 11.034 , 19.900 , 89.524 
CUENCA,2013,JUNIO, 10.309 , 2.608 , 2.035 , 331 , 373 , 17 , 0   , 15.673 , 4.377 , 43.713 , 1.507 , 14.310 , 18.791 , 77.387 
CUENCA,2013,JULIO, 9.450 , 2.347 , 1.932 , 298 , 406 , 16 , 3 , 14.452 , 4.201 , 42.747 , 1.523 , 13.407 , 17.481 , 73.374 
CUENCA,2013,AGOSTO, 9.032 , 2.236 , 1.946 , 398 , 521 , 7 , 2 , 14.142 , 4.450 , 38.353 , 1.447 , 12.190 , 17.252 , 68.184 
CUENCA,2013,SEPTIEMBRE, 9.211 , 2.471 , 1.976 , 497 , 795 , 6 , 1 , 14.957 , 5.175 , 38.650 , 1.359 , 12.741 , 18.417 , 70.182 
CUENCA,2013,OCTUBRE, 10.041 , 2.640 , 2.141 , 440 , 545 , 28 , 4 , 15.839 , 5.419 , 39.136 , 1.420 , 13.573 , 19.480 , 75.187 
CUENCA,2013,NOVIEMBRE, 10.350 , 2.660 , 2.251 , 357 , 736 , 5 , 4 , 16.363 , 6.336 , 34.911 , 1.266 , 12.288 , 20.317 , 74.262 
CUENCA,2013,DICIEMBRE, 11.407 , 2.890 , 2.428 , 300 , 576 , 11 ,, 17.612 , 6.421 , 40.738 , 1.548 , 14.917 , 21.825 , 81.870 
CUENCA,2014,ENERO, 9.510 , 2.457 , 2.293 , 289 , 451 , 15 , 35 , 15.050 , 5.570 , 36.036 , 1.252 , 12.590 , 18.521 , 76.085 
CUENCA,2014,FEBRERO, 9.440 , 2.264 , 2.172 , 260 , 431 , 33 , 48 , 14.648 , 5.433 , 29.075 , 429 , 3.924 , 17.111 , 69.133 
CUENCA,2014,MARZO, 10.384 , 2.592 , 2.523 , 234 , 260 , 64 , 38 , 16.095 , 6.048 , 34.560 ,,, 19.700 , 77.256 
CUENCA,2014,ABRIL, 9.542 , 2.480 , 2.294 , 241 , 248 , 16 , 74 , 14.895 , 5.438 , 34.582 ,,, 18.116 , 72.135 
CUENCA,2014,MAYO, 10.285 , 2.650 , 2.444 , 281 , 301 , 86 , 95 , 16.142 , 6.002 , 36.243 ,,, 19.992 , 76.748 
CUENCA,2014,JUNIO, 9.542 , 2.558 , 2.321 , 233 , 279 , 10 , 69 , 15.012 , 5.512 , 33.674 ,,, 18.882 , 71.369 
CUENCA,2014,JULIO, 9.463 , 2.363 , 2.329 , 208 , 305 , 14 , 243 , 14.925 , 5.845 , 32.175 ,,, 18.753 , 70.188 
CUENCA,2014,AGOSTO, 9.262 , 2.226 , 2.393 , 279 , 493 , 22 , 224 , 14.899 , 6.076 , 36.014 ,,, 18.774 , 74.173 
CUENCA,2014,SEPTIEMBRE, 9.671 , 2.366 , 2.396 , 318 , 657 , 15 , 252 , 15.675 , 6.834 , 36.250 ,,, 19.310 , 74.605 
CUENCA,2014,OCTUBRE, 10.283 , 2.712 , 2.598 , 309 , 399 , 57 , 284 , 16.642 , 7.153 , 38.203 ,,, 20.485 , 77.588 
CUENCA,2014,NOVIEMBRE, 11.140 , 2.696 , 2.766 , 286 , 406 , 21 , 194 , 17.509 , 7.748 , 33.307 ,,, 21.618 , 74.880 
CUENCA,2014,DICIEMBRE, 11.555 , 3.039 , 2.842 , 322 , 392 , 36 , 252 , 18.438 , 8.014 , 36.313 ,,, 22.558 , 78.147 
CUENCA,2015,ENERO, 9.979 , 2.410 , 2.765 , 407 , 442 , 72 , 202 , 16.277 , 7.703 , 38.075 ,,, 19.834 , 75.422 
CUENCA,2015,FEBRERO, 9.832 , 2.267 , 2.499 , 354 , 434 , 22 , 92 , 15.500 , 7.725 , 35.153 ,,, 18.712 , 70.483 
CUENCA,2015,MARZO, 9.856 , 2.475 , 2.720 , 384 , 379 , 67 , 148 , 16.029 , 7.760 , 41.553 ,,, 19.427 , 78.033 
CUENCA,2015,ABRIL, 10.006 , 2.425 , 2.568 , 485 , 321 , 18 , 111 , 15.934 , 7.719 , 40.451 ,,, 19.356 , 77.257 
CUENCA,2015,MAYO, 10.706 , 2.604 , 2.751 , 489 , 289 , 6 , 169 , 17.014 , 8.129 , 41.983 ,,, 20.109 , 80.340 
CUENCA,2015,JUNIO, 9.572 , 2.427 , 2.509 , 464 , 315 , 15 , 160 , 15.462 , 7.257 , 41.688 ,,, 17.901 , 75.449 
CUENCA,2015,JULIO, 9.859 , 2.451 , 2.599 , 413 , 360 , 13 , 180 , 15.875 , 7.278 , 42.872 ,,, 15.875 , 79.061 
CUENCA,2015,AGOSTO, 9.926 , 2.192 , 2.620 , 495 , 606 , 2 , 154 , 15.995 , 7.673 , 42.535 ,,, 18.720 , 81.798 
CUENCA,2015,SEPTIEMBRE, 10.118 , 2.551 , 2.694 , 544 , 1.155 , 5 , 162 , 17.229 , 8.529 , 40.779 ,,, 20.673 , 81.347 
CUENCA,2015,OCTUBRE, 10.521 , 2.759 , 2.889 , 668 , 590 , 9 , 173 , 17.609 , 8.399 , 34.870 ,,, 20.814 , 76.009 
CUENCA,2015,NOVIEMBRE, 10.729 , 2.549 , 2.735 , 575 , 465 , 14 , 256 , 17.323 , 8.407 , 28.657 ,,, 20.390 , 71.600 
CUENCA,2015,DICIEMBRE, 11.796 , 2.752 , 2.854 , 580 , 670 , 2 , 236 , 18.890 , 9.032 , 28.958 ,,, 22.388 , 75.227 
CUENCA,2016,ENERO, 11.210 , 2.547 , 2.890 , 690 , 792 , 21 , 256 , 18.406 , 11.497 , 26.481 ,,, 22.362 , 72.210 
CUENCA,2016,FEBRERO, 11.278 , 2.468 , 2.864 , 615 , 381 , 11 , 262 , 17.879 , 8.708 , 22.814 ,,, 21.752 , 64.419 
AMBATO,2013,ENERO, 9.385 ,, 779 , 1 , 466 , 69 , 1 , 10.701 , 3.152 , 25.517 , 2.337 , 19.814 , 10.688 , 82.493 
AMBATO,2013,FEBRERO, 12.066 ,, 891 , 5 , 296 , 135 ,, 13.393 , 3.365 , 27.138 , 1.793 , 16.427 , 13.941 , 93.059 
AMBATO,2013,MARZO, 13.016 ,, 1.058 , 152 , 269 , 73 , 2 , 14.570 , 3.548 , 28.168 , 2.246 , 16.653 , 15.294 , 100.810 
AMBATO,2013,ABRIL, 11.298 ,, 1.173 , 119 , 291 , 13 ,, 12.894 , 3.752 , 24.579 , 1.656 , 13.064 , 13.390 , 91.242 
AMBATO,2013,MAYO, 11.107 ,, 1.260 , 150 , 309 , 22 , 1 , 12.849 , 3.953 , 39.166 , 873 , 6.947 , 13.153 , 91.116 
AMBATO,2013,JUNIO, 10.879 ,, 1.257 , 134 , 246 , 26 ,, 12.542 , 4.123 , 7.513 , 204 , 1.863 , 12.753 , 80.393 
AMBATO,2013,JULIO, 9.937 ,, 1.284 , 100 , 258 , 26 ,, 11.605 , 4.021 , 5.593 , 207 , 1.601 , 11.748 , 81.427 
AMBATO,2013,AGOSTO, 10.782 ,, 1.510 , 148 , 377 , 39 , 3 , 12.859 , 4.732 , 5.412 , 225 , 1.993 , 13.491 , 82.023 
AMBATO,2013,SEPTIEMBRE, 11.303 ,, 1.433 , 183 , 523 , 27 ,, 13.469 , 5.011 , 4.224 , 172 , 1.470 , 14.538 , 76.701 
AMBATO,2013,OCTUBRE, 11.895 ,, 1.658 , 205 , 376 , 62 , 43 , 14.239 , 5.786 , 3.583 , 139 , 1.130 , 15.497 , 78.300 
AMBATO,2013,NOVIEMBRE, 11.758 ,, 1.703 , 216 , 371 , 42 , 68 , 14.158 , 5.753 , 3.219 , 129 , 997 , 15.404 , 76.833 
AMBATO,2013,DICIEMBRE, 12.502 ,, 1.738 , 188 , 358 , 27 , 83 , 14.896 , 6.131 , 3.955 , 182 , 1.334 , 16.861 , 82.103 
AMBATO,2014,ENERO, 11.315 , 168 , 1.797 , 193 , 329 , 29 , 81 , 13.912 , 5.781 , 3.848 , 182 , 1.352 , 15.874 , 83.743 
AMBATO,2014,FEBRERO, 10.286 , 898 , 1.584 , 139 , 367 , 26 , 36 , 13.336 , 5.567 , 3.697 , 147 , 1.147 , 14.342 , 80.881 
AMBATO,2014,MARZO, 12.204 , 1.093 , 1.918 , 218 , 258 , 68 , 67 , 15.826 , 6.669 , 4.229 ,,, 18.501 , 87.984 
AMBATO,2014,ABRIL, 11.197 , 1.073 , 1.994 , 154 , 213 , 44 , 57 , 14.732 , 6.184 , 3.595 ,,, 17.616 , 81.430 
AMBATO,2014,MAYO, 11.953 , 1.238 , 2.151 , 168 , 228 , 73 , 202 , 16.013 , 6.322 , 3.326 ,,, 19.111 , 81.584 
AMBATO,2014,JUNIO, 11.556 , 1.066 , 2.075 , 176 , 247 , 26 , 216 , 15.362 , 6.373 , 3.110 ,,, 22.705 , 75.577 
AMBATO,2014,JULIO, 11.791 , 985 , 2.191 , 177 , 326 , 19 , 264 , 15.753 , 6.225 , 3.891 ,,, 18.792 , 78.389 
AMBATO,2014,AGOSTO, 11.503 , 1.040 , 2.217 , 191 , 370 , 21 , 173 , 15.515 , 6.483 , 3.606 ,,, 18.911 , 79.353 
AMBATO,2014,SEPTIEMBRE, 10.980 , 1.053 , 2.129 , 175 , 400 , 17 , 187 , 14.941 , 6.371 , 2.545 ,,, 18.409 , 70.938 
AMBATO,2014,OCTUBRE, 11.534 , 1.162 , 2.425 , 214 , 350 , 27 , 123 , 15.835 , 6.627 , 2.629 ,,, 19.287 , 78.581 
AMBATO,2014,NOVIEMBRE, 12.341 , 1.123 , 2.566 , 264 , 384 , 29 , 74 , 16.781 , 7.438 , 2.378 ,,, 19.386 , 79.672 
AMBATO,2014,DICIEMBRE, 13.680 , 1.240 , 2.588 , 266 , 399 , 23 , 74 , 18.270 , 7.763 , 2.750 ,,, 21.580 , 88.563 
AMBATO,2015,ENERO, 11.314 , 1.758 , 2.746 , 196 , 345 , 40 , 97 , 16.496 , 7.972 , 3.174 ,,, 17.727 , 85.188 
AMBATO,2015,FEBRERO, 11.257 , 2.307 , 2.508 , 194 , 318 , 18 , 80 , 16.682 , 7.967 , 2.721 ,,, 18.167 , 84.964 
AMBATO,2015,MARZO, 12.315 , 2.373 , 2.715 , 309 , 514 , 39 , 96 , 18.361 , 9.039 , 3.277 ,,, 19.994 , 97.555 
AMBATO,2015,ABRIL, 11.897 , 2.366 , 2.682 , 220 , 278 , 57 , 104 , 17.604 , 8.553 , 46.568 ,,, 20.042 , 96.924 
AMBATO,2015,MAYO, 12.627 , 2.373 , 2.837 , 217 , 333 , 34 , 67 , 18.488 , 9.158 , 48.246 ,,, 21.021 , 99.841 
AMBATO,2015,JUNIO, 11.037 , 2.264 , 2.864 , 207 , 295 , 88 , 75 , 16.830 , 8.363 , 43.822 ,,, 18.996 , 96.344 
AMBATO,2015,JULIO, 12.656 , 2.258 , 3.223 , 234 , 379 , 87 , 80 , 18.917 , 6.727 , 55.935 ,,, 18.917 , 115.595 
AMBATO,2015,AGOSTO, 11.985 , 2.002 , 2.928 , 212 , 447 , 56 , 53 , 17.683 , 6.495 , 47.682 ,,, 20.155 , 110.202 
AMBATO,2015,SEPTIEMBRE, 11.999 , 1.823 , 2.950 , 253 , 827 , 36 , 117 , 18.005 , 6.577 , 42.940 ,,, 19.861 , 91.513 
AMBATO,2015,OCTUBRE, 12.187 , 2.087 , 3.012 , 292 , 486 , 34 , 123 , 18.221 , 6.294 , 42.376 ,,, 20.712 , 93.584 
AMBATO,2015,NOVIEMBRE, 12.093 , 1.905 , 2.984 , 318 , 379 , 42 , 152 , 17.873 , 6.332 , 39.779 ,,, 20.401 , 88.433 
AMBATO,2015,DICIEMBRE, 13.533 , 1.955 , 3.151 , 262 , 445 , 16 , 113 , 19.475 , 6.698 , 42.802 ,,, 22.304 , 92.926 
AMBATO,2016,ENERO, 14.010 , 1.077 , 3.240 , 290 , 573 , 28 , 137 , 19.355 , 7.851 , 38.751 ,,, 22.184 , 87.406 
AMBATO,2016,FEBRERO, 13.092 , 1.079 , 2.978 , 318 , 368 , 43 , 111 , 17.989 , 6.073 , 37.378 ,,, 20.735 , 82.416 
MACHALA,2012,DICIEMBRE, 3.774 , 199 , 313 , 132 , 119 , 2 , 9 , 4.548 , 1.688 , 5.002 ,,, 5.189 , 23.941 
MACHALA,2013,ENERO, 5.896 , 750 , 802 , 347 , 150 , 3 , 8 , 7.956 , 3.274 , 15.966 , 49 ,, 10.189 , 72.995 
MACHALA,2013,FEBRERO, 7.189 , 895 , 659 , 337 , 140 , 1 , 8 , 9.229 , 3.947 , 11.088 , 1.264 ,, 12.000 , 79.709 
MACHALA,2013,MARZO, 7.152 , 771 , 829 , 432 , 150 , 3 , 12 , 9.349 , 4.453 , 19.727 , 1.244 ,, 11.768 , 82.988 
MACHALA,2013,ABRIL, 5.555 , 649 , 681 , 365 , 141 , 5 , 12 , 7.408 , 4.162 , 19.767 , 763 ,, 9.538 , 79.639 
MACHALA,2013,MAYO, 5.387 , 661 , 638 , 271 , 160 , 3 , 9 , 7.129 , 3.678 , 16.558 , 566 ,, 8.890 , 75.085 
MACHALA,2013,JUNIO, 5.580 , 671 , 714 , 219 , 125 , 0   , 6 , 7.315 , 3.774 , 11.689 , 0   ,, 8.917 , 68.080 
MACHALA,2013,JULIO, 5.039 , 670 , 697 , 226 , 154 , 0   , 10 , 6.796 , 2.925 , 8.676 , 243 , 8.848 , 8.208 , 61.328 
MACHALA,2013,AGOSTO, 5.094 , 640 , 753 , 282 , 162 , 2 , 7 , 6.940 , 2.530 , 7.217 , 302 , 2.488 , 8.421 , 59.799 
MACHALA,2013,SEPTIEMBRE, 5.406 , 676 , 727 , 237 , 212 , 0   , 4 , 7.262 , 2.407 , 6.502 , 279 , 2.235 , 8.665 , 56.480 
MACHALA,2013,OCTUBRE, 6.216 , 832 , 738 , 289 , 157 , 4 , 17 , 8.253 , 2.557 , 6.980 , 319 , 2.627 , 9.733 , 59.965 
MACHALA,2013,NOVIEMBRE, 6.490 , 850 , 811 , 288 , 183 , 5 , 14 , 8.641 , 2.829 , 5.488 , 256 , 2.117 , 10.579 , 55.434 
MACHALA,2013,DICIEMBRE, 7.624 , 977 , 946 , 403 , 241 , 11 , 27 , 10.229 , 3.375 , 5.868 , 265 , 1.694 , 12.498 , 67.221  
MACHALA,2014,ENERO, 6.798 , 768 , 935 ,, 129 , 15 , 18 , 8.663 , 3.196 , 5.889 , 299 , 2.441 , 10.933 , 47.389 
MACHALA,2014,FEBRERO, 6.501 , 779 , 874 ,, 127 , 15 , 21 , 8.317 , 2.820 , 34.361 , 243 , 1.939 , 9.676 , 63.316 
MACHALA,2014,MARZO, 7.468 , 791 , 919 , 0   , 121 , 35 , 29 , 9.363 , 3.164 , 39.824 ,,, 11.276 , 71.108 
MACHALA,2014,ABRIL, 6.217 , 696 , 916 , 0   , 160 , 10 , 11 , 8.010 , 2.619 , 36.512 ,,, 9.351 , 62.341 
MACHALA,2014,MAYO, 6.559 , 766 , 990 , 0   , 110 , 52 , 10 , 8.487 , 2.784 , 35.709 ,,, 10.190 , 63.773 
MACHALA,2014,JUNIO, 6.632 , 677 , 1.123 , 0   , 132 , 19 , 18 , 8.601 , 3.011 , 30.082 ,,, 10.522 , 58.965 
MACHALA,2014,JULIO, 6.620 , 738 , 1.106 , 0   , 165 , 7 , 111 , 8.747 , 3.998 , 27.531 ,,, 10.297 , 55.920 
MACHALA,2014,AGOSTO, 6.898 , 828 , 1.175 , 0   , 162 , 4 , 102 , 9.169 , 4.290 , 27.903 ,,, 10.828 , 56.515 
MACHALA,2014,SEPTIEMBRE, 6.506 , 782 , 1.168 , 0   , 218 , 5 , 145 , 8.824 , 4.308 , 26.417 ,,, 10.391 , 52.806 
MACHALA,2014,OCTUBRE, 6.895 , 730 , 1.035 , 0   , 211 , 2 , 96 , 8.969 , 4.132 , 29.079 ,,, 10.560 , 55.759 
MACHALA,2014,NOVIEMBRE, 7.336 , 1.121 , 1.136 , 2 , 228 , 11 , 112 , 9.946 , 4.846 , 28.315 ,,, 11.048 , 56.060 
MACHALA,2014,DICIEMBRE, 8.142 , 892 , 1.165 , 0   , 263 , 11 , 201 , 10.674 , 4.718 , 32.378 ,,, 12.501 , 63.423 
MACHALA,2015,ENERO, 8.088 , 842 , 1.234 , 0   , 192 , 19 , 142 , 10.517 , 5.629 , 25.383 ,,, 12.703 , 53.570 
MACHALA,2015,FEBRERO, 7.237 , 666 , 1.245 , 0   , 172 , 33 , 123 , 9.476 , 5.409 , 28.178 ,,, 11.020 , 56.586 
MACHALA,2015,MARZO, 7.370 , 750 , 1.185 , 94 , 201 , 122 , 175 , 9.897 , 5.742 , 33.799 ,,, 11.543 , 63.637 
MACHALA,2015,ABRIL, 6.916 , 676 , 1.091 , 63 , 160 , 108 , 155 , 9.169 , 5.181 , 31.341 ,,, 10.707 , 59.703 
MACHALA,2015,MAYO, 7.645 , 770 , 1.184 , 165 , 166 , 49 , 177 , 10.156 , 5.839 , 31.052 ,,, 11.855 , 60.127 
MACHALA,2015,JUNIO, 7.033 , 740 , 1.256 , 139 , 144 , 3 , 243 , 9.558 , 5.436 , 27.836 ,,, 10.983 , 55.056 
MACHALA,2015,JULIO, 6.849 , 559 , 1.465 , 120 , 171 , 6 , 257 , 9.427 , 3.362 , 32.165 ,,, 9.427 , 71.144 
MACHALA,2015,AGOSTO, 7.395 , 664 , 1.337 , 82 , 185 , 3 , 331 , 9.997 , 3.452 , 35.578 ,,, 11.520 , 64.970 
MACHALA,2015,SEPTIEMBRE, 7.511 , 566 , 1.350 , 95 , 310 , 3 , 297 , 10.132 , 3.497 , 32.761 ,,, 11.700 , 62.073 
MACHALA,2015,OCTUBRE, 7.427 , 639 , 1.320 , 137 , 221 , 1 , 309 , 10.054 , 3.467 , 42.376 ,,, 20.712 , 93.584 
MACHALA,2015,NOVIEMBRE, 7.303 , 650 , 1.407 , 121 , 226 , 2 , 278 , 9.987 , 3.592 , 31.040 ,,, 11.458 , 60.758 
MACHALA,2015,DICIEMBRE, 8.035 , 765 , 1.469 , 146 , 256 , 11 , 247 , 10.929 , 3.854 , 31.631 ,,, 12.831 , 63.873 
MACHALA,2016,ENERO, 7.149 , 628 , 1.443 , 233 , 145 , 22 , 301 , 9.921 , 4.311 , 30.459 ,,, 11.631 , 61.383 
MACHALA,2016,FEBRERO, 6.900 , 647 , 1.242 , 677 , 194 , 25 , 354 , 10.039 , 3.208 , 29.764 ,,, 11.827 , 61.323 
PORTOVIEJO,2013,OCTUBRE, 7.601 , 665 , 1.484 , 734 , 861 , 10 , 7 , 11.362 , 3.992 , 84.106 , 1.667 , 22.829 , 13.469 , 113.999 
PORTOVIEJO,2013,NOVIEMBRE, 7.154 , 724 , 1.535 , 686 , 786 , 40 , 12 , 10.937 , 4.010 , 62.464 , 1.186 , 14.752 , 13.221 , 92.498 
PORTOVIEJO,2013,DICIEMBRE, 8.274 , 969 , 1.532 , 947 , 827 , 55 , 9 , 12.613 , 4.406 , 78.621 , 1.658 , 23.376 , 15.357 , 112.979 
PORTOVIEJO,2014,ENERO, 7.841 , 799 , 1.677 , 1.280 , 476 , 64 , 8 , 12.145 , 4.247 , 56.597 , 1.404 , 16.589 , 14.729 , 114.448 
PORTOVIEJO,2014,FEBRERO, 7.709 , 755 , 1.605 , 1.112 , 282 , 63 , 13 , 11.539 , 3.861 , 70.881 , 1.348 , 12.352 , 13.790 , 105.253 
PORTOVIEJO,2014,MARZO, 8.918 , 861 , 1.852 , 1.410 , 388 , 46 , 11 , 13.486 , 4.492 , 91.989 , 1.132 , 12.069 , 16.604 , 134.192 
PORTOVIEJO,2014,ABRIL, 7.939 , 873 , 1.475 , 1.131 , 315 , 41 , 11 , 11.785 , 3.882 , 73.901 ,,, 14.406 , 115.679 
PORTOVIEJO,2014,MAYO, 7.779 , 999 , 1.572 , 1.099 , 386 , 51 , 11 , 11.897 , 4.461 , 72.661 ,,, 14.527 , 114.137 
PORTOVIEJO,2014,JUNIO, 7.458 , 756 , 1.834 , 995 , 383 , 22 , 4 , 11.452 , 4.416 , 58.663 ,,, 13.643 , 102.483 
PORTOVIEJO,2014,JULIO, 7.315 , 1.064 , 1.688 , 825 , 468 , 26 , 4 , 11.390 , 6.095 , 61.234 ,,, 13.868 , 98.921 
PORTOVIEJO,2014,AGOSTO, 7.512 , 1.190 , 1.654 , 841 , 519 , 24 , 7 , 11.747 , 6.305 , 63.902 ,,, 14.640 , 102.741 
PORTOVIEJO,2014,SEPTIEMBRE, 6.933 , 1.263 , 1.614 , 969 , 498 , 19 , 5 , 11.301 , 6.177 , 58.312 ,,, 15.388 , 96.422 
PORTOVIEJO,2014,OCTUBRE, 6.801 , 1.109 , 1.547 , 818 , 478 , 13 , 5 , 10.771 , 5.881 , 60.537 ,,, 13.052 , 97.550 
PORTOVIEJO,2014,NOVIEMBRE, 7.726 , 1.184 , 1.720 , 901 , 528 , 5 , 4 , 12.068 , 6.476 , 54.918 ,,, 14.128 , 93.381 
PORTOVIEJO,2014,DICIEMBRE, 8.322 , 1.316 , 1.678 , 1.172 , 603 , 20 , 20 , 13.131 , 7.101 , 62.120 ,,, 15.819 , 105.130 
PORTOVIEJO,2015,ENERO, 8.551 , 1.168 , 1.879 , 567 , 425 , 20 , 8 , 12.618 , 6.429 , 64.182 ,,, 15.165 , 103.943 
PORTOVIEJO,2015,FEBRERO, 8.545 , 1.386 , 1.826 , 36 , 328 , 656 , 140 , 12.917 , 6.326 , 60.009 ,,, 15.334 , 99.424 
PORTOVIEJO,2015,MARZO, 9.162 , 1.284 , 2.030 , 681 , 351 , 28 , 202 , 13.738 , 6.735 , 72.433 ,,, 16.223 , 114.323 
PORTOVIEJO,2015,ABRIL, 8.951 , 1.304 , 2.213 , 455 , 305 , 27 , 197 , 13.452 , 6.896 , 72.505 ,,, 15.551 , 113.645 
PORTOVIEJO,2015,MAYO, 9.214 , 1.483 , 2.496 , 433 , 349 , 28 , 189 , 14.192 , 7.368 , 65.722 ,,, 16.595 , 106.941 
PORTOVIEJO,2015,JUNIO, 9.297 , 1.308 , 1.995 , 317 , 337 , 5 , 141 , 13.400 , 6.880 , 59.342 ,,, 15.739 , 97.724 
PORTOVIEJO,2015,JULIO, 9.266 , 1.367 , 1.803 , 258 , 360 , 1 , 104 , 13.159 , 6.884 , 59.960 ,,, 13.159 , 98.478 
PORTOVIEJO,2015,AGOSTO, 9.229 , 1.508 , 1.768 , 220 , 419 , 2 , 156 , 13.302 , 6.829 , 61.519 ,,, 14.868 , 100.621 
PORTOVIEJO,2015,SEPTIEMBRE, 9.355 , 1.590 , 1.899 , 351 , 509 , 2 , 161 , 13.867 , 7.547 , 57.911 ,,, 15.561 , 96.478 
PORTOVIEJO,2015,OCTUBRE, 9.315 , 1.352 , 1.747 , 341 , 535 , 9 , 156 , 13.455 , 7.226 , 59.508 ,,, 15.321 , 99.238 
PORTOVIEJO,2015,NOVIEMBRE, 8.737 , 1.140 , 1.821 , 392 , 526 , 3 , 180 , 12.799 , 6.828 , 56.338 ,,, 15.070 , 95.197 
PORTOVIEJO,2015,DICIEMBRE, 10.540 , 1.063 , 2.081 , 423 , 433 , 19 , 205 , 14.764 , 7.061 , 57.263 ,,, 16.636 , 98.250 
PORTOVIEJO,2016,ENERO, 9.803 , 902 , 2.181 , 658 , 382 , 98 , 209 , 14.233 , 8.208 , 57.966 ,,, 16.033 , 98.037 
PORTOVIEJO,2016,FEBRERO, 9.422 , 801 , 2.214 , 451 , 239 , 34 , 245 , 13.406 , 6.575 , 56.938 ,,, 14.904 , 94.774 
BABAHOYO,2014,FEBRERO, 2.708 , 399 , 1.228 , 357 , 48 , 22 , 4 , 4.766 , 4.133 , 46.991 , 644 , 5.047 , 4.783 , 58.807 
BABAHOYO,2014,MARZO, 6.585 , 826 , 1.384 , 767 , 155 , 26 , 8 , 9.751 , 5.200 , 69.099 ,,, 12.005 , 94.859 
BABAHOYO,2014,ABRIL, 6.932 , 793 , 1.313 , 805 , 283 , 13 , 6 , 10.145 , 5.340 , 68.848 ,,, 12.471 , 92.878 
BABAHOYO,2014,MAYO, 7.452 , 963 , 1.548 , 1.092 , 257 , 52 , 19 , 11.383 , 6.008 , 29.333 ,,, 14.151 , 54.658 
BABAHOYO,2014,JUNIO, 7.458 , 857 , 1.610 , 818 , 115 , 6 , 25 , 10.889 , 5.611 , 60.849 ,,, 13.772 , 85.372 
BABAHOYO,2014,JULIO, 6.577 , 798 , 1.453 , 679 , 214 , 0   , 45 , 9.766 , 5.444 , 54.818 ,,, 12.856 , 76.925 
BABAHOYO,2014,AGOSTO, 8.325 , 1.208 , 1.792 , 652 , 309 , 3 , 73 , 12.362 , 6.517 , 51.624 ,,, 15.259 , 75.534 
BABAHOYO,2014,SEPTIEMBRE, 7.564 , 1.156 , 1.659 , 826 , 358 , 7 , 72 , 11.642 , 6.147 , 47.606 ,,, 14.004 , 70.696 
BABAHOYO,2014,OCTUBRE, 7.787 , 1.172 , 1.761 , 896 , 362 , 12 , 77 , 12.067 , 6.639 , 53.765 ,,, 14.332 , 77.391 
BABAHOYO,2014,NOVIEMBRE, 8.564 , 1.188 , 1.874 , 922 , 421 , 2 , 69 , 13.040 , 6.974 , 54.466 ,,, 15.304 , 80.049 
BABAHOYO,2014,DICIEMBRE, 9.559 , 1.398 , 1.864 , 1.322 , 428 , 8 , 60 , 14.639 , 7.649 , 55.925 ,,, 16.104 , 84.054 
BABAHOYO,2015,ENERO, 8.498 , 1.276 , 1.821 , 1.322 , 199 , 8 , 60 , 13.184 , 6.994 , 57.524 ,,, 17.731 , 86.955 
BABAHOYO,2015,FEBRERO, 8.816 , 1.277 , 2.099 , 1.322 , 177 , 8 , 60 , 13.759 , 6.885 , 53.658 ,,, 16.782 , 81.717 
BABAHOYO,2015,MARZO, 8.980 , 1.234 , 2.185 , 2.264 , 323 , 96 , 60 , 15.142 , 6.812 , 61.456 ,,, 18.359 , 94.375 
BABAHOYO,2015,ABRIL, 8.298 , 1.078 , 2.246 , 2.070 , 212 , 32 , 54 , 13.990 , 6.573 , 58.102 ,,, 16.039 , 86.745 
BABAHOYO,2015,MAYO, 9.381 , 1.305 , 2.640 , 2.375 , 225 , 20 , 26 , 15.972 , 7.307 , 64.776 ,,, 18.382 , 97.528 
BABAHOYO,2015,JUNIO, 9.096 , 1.275 , 2.399 , 1.935 , 280 , 5 , 65 , 15.055 , 7.290 , 54.723 ,,, 17.762 , 85.650 
BABAHOYO,2015,JULIO, 8.532 , 773 , 2.528 , 1.572 , 241 , 3 , 55 , 13.704 , 6.984 , 56.428 ,,, 13.704 , 110.511 
BABAHOYO,2015,AGOSTO, 9.376 , 794 , 2.523 , 1.183 , 404 , 1 , 20 , 14.301 , 7.348 , 61.214 ,,, 16.558 , 90.918 
BABAHOYO,2015,SEPTIEMBRE, 8.789 , 666 , 2.347 , 1.193 , 598 , 10 , 38 , 13.641 , 7.340 , 62.430 ,,, 15.811 , 121.999 
BABAHOYO,2015,OCTUBRE, 9.564 , 746 , 2.563 , 1.347 , 410 , 28 , 23 , 14.681 , 7.683 , 59.313 ,,, 17.253 , 89.510 
BABAHOYO,2015,NOVIEMBRE, 10.050 , 712 , 2.693 , 1.274 , 408 , 23 , 29 , 15.189 , 7.965 , 55.057 ,,, 18.159 , 86.723 
BABAHOYO,2015,DICIEMBRE, 11.151 , 547 , 3.012 , 1.991 , 321 , 26 , 67 , 17.115 , 8.245 , 58.429 ,,, 21.000 , 95.668 
BABAHOYO,2016,ENERO, 10.745 , 326 , 3.095 , 1.777 , 267 , 17 , 63 , 16.290 , 10.523 , 59.910 ,,, 19.838 , 95.392 
BABAHOYO,2016,FEBRERO, 10.057 , 355 , 3.041 , 1.638 , 206 , 27 , 98 , 15.422 , 7.822 , 56.952 ,,, 18.466 , 90.360 
ESMERALDAS,2013,MAYO, 5.208 , 594 , 321 , 2 , 126 , 0   , 27 , 6.278 , 2.424 , 13.369 , 3.249 , 29.218 , 7.897 , 70.279 
ESMERALDAS,2013,JUNIO, 5.242 , 517 , 308 , 220 , 125 , 0   , 42 , 6.454 , 2.500 , 11.618 , 2.246 , 24.230 , 7.366 , 60.392 
ESMERALDAS,2013,JULIO, 4.893 , 458 , 381 , 193 , 202 , 0   , 86 , 6.213 , 2.467 , 10.718 , 2.232 , 19.433 , 6.962 , 54.219 
ESMERALDAS,2013,AGOSTO, 5.111 , 550 , 753 , 183 , 188 , 5 , 56 , 6.846 , 3.052 , 9.823 , 2.251 , 19.018 , 7.796 , 56.432 
ESMERALDAS,2013,SEPTIEMBRE, 4.835 , 410 , 930 , 188 , 239 , 16 , 31 , 6.649 , 3.107 , 10.471 , 2.045 , 17.711 , 7.315 , 53.316 
ESMERALDAS,2013,OCTUBRE, 4.636 , 485 , 930 , 229 , 192 , 18 , 26 , 6.516 , 3.038 , 12.759 , 2.262 , 19.154 , 7.270 , 58.250 
ESMERALDAS,2013,NOVIEMBRE, 4.773 , 436 , 952 , 158 , 223 , 7 , 28 , 6.577 , 3.207 , 12.092 , 2.063 , 17.353 , 7.247 , 54.448 
ESMERALDAS,2013,DICIEMBRE, 6.041 , 602 , 910 , 284 , 297 , 14 , 27 , 8.175 , 3.728 , 14.570 , 2.423 , 19.954 , 9.194 , 64.023 
ESMERALDAS,2014,ENERO, 5.023 , 516 , 911 , 284 , 88 , 74 , 23 , 6.919 , 3.498 , 26.765 , 500 , 3.690 , 7.922 , 68.592 
ESMERALDAS,2014,FEBRERO, 5.197 , 502 , 797 , 297 , 89 , 55 , 20 , 6.957 , 3.529 , 45.125 ,,, 7.832 , 66.384 
ESMERALDAS,2014,MARZO, 5.971 , 572 , 944 , 383 , 117 , 109 , 29 , 8.125 , 4.439 , 57.973 ,,, 9.131 , 83.819 
ESMERALDAS,2014,ABRIL, 4.266 , 406 , 703 , 265 , 73 , 68 , 20 , 5.801 , 3.167 , 40.746 ,,, 6.416 , 59.114 
ESMERALDAS,2014,MAYO, 5.226 , 470 , 852 , 268 , 102 , 27 , 29 , 6.974 , 3.806 , 46.268 ,,, 7.697 , 68.330 
ESMERALDAS,2014,JUNIO, 5.062 , 465 , 809 , 241 , 79 , 14 , 18 , 6.688 , 3.609 , 41.016 ,,, 7.351 , 61.271 
ESMERALDAS,2014,JULIO, 5.365 , 466 , 921 , 217 , 119 , 6 , 45 , 7.139 , 3.681 , 45.655 ,,, 7.882 , 67.662 
ESMERALDAS,2014,AGOSTO, 6.230 , 608 , 986 , 253 , 182 , 5 , 40 , 8.304 , 4.115 , 40.530 ,,, 9.244 , 64.817 
ESMERALDAS,2014,SEPTIEMBRE, 5.544 , 480 , 893 , 221 , 231 , 6 , 38 , 7.413 , 3.764 , 35.058 ,,, 8.341 , 56.806 
ESMERALDAS,2014,OCTUBRE, 5.535 , 491 , 819 , 257 , 251 , 14 , 54 , 7.421 , 3.887 , 43.399 ,,, 8.307 , 64.625 
ESMERALDAS,2014,NOVIEMBRE, 6.071 , 458 , 866 , 197 , 289 , 13 , 28 , 7.922 , 4.076 , 40.064 ,,, 8.896 , 61.712 
ESMERALDAS,2014,DICIEMBRE, 6.593 , 606 , 941 , 323 , 234 , 13 , 56 , 8.766 , 4.433 , 41.039 ,,, 9.873 , 64.145 
ESMERALDAS,2015,ENERO, 5.807 , 558 , 1.077 , 95 , 134 , 15 , 43 , 7.729 , 4.031 , 48.145 ,,, 8.680 , 70.485 
ESMERALDAS,2015,FEBRERO, 5.865 , 547 , 1.030 , 1 , 124 , 34 , 45 , 7.646 , 4.053 , 38.568 ,,, 8.612 , 61.188 
ESMERALDAS,2015,MARZO, 6.237 , 559 , 1.146 , 73 , 111 , 48 , 63 , 8.237 , 4.230 , 45.602 ,,, 9.159 , 68.860 
ESMERALDAS,2015,ABRIL, 5.145 , 434 , 1.176 , 47 , 119 , 27 , 260 , 7.208 , 3.709 , 40.550 ,,, 7.919 , 60.851 
ESMERALDAS,2015,MAYO, 5.471 , 511 , 968 , 62 , 100 , 23 , 358 , 7.493 , 3.896 , 38.712 ,,, 8.391 , 60.688 
ESMERALDAS,2015,JUNIO, 5.669 , 416 , 873 , 69 , 83 , 8 , 240 , 7.358 , 3.857 , 33.298 ,,, 8.293 , 53.605 
ESMERALDAS,2015,JULIO, 5.662 , 435 , 841 , 50 , 118 , 11 , 270 , 7.387 , 3.869 , 27.057 ,,, 7.387 , 44.703 
ESMERALDAS,2015,AGOSTO, 6.433 , 511 , 875 , 39 , 165 , 6 , 191 , 8.220 , 4.418 , 38.123 ,,, 8.987 , 60.271 
ESMERALDAS,2015,SEPTIEMBRE, 6.142 , 462 , 833 , 46 , 241 , 10 , 160 , 7.894 , 4.062 , 34.666 ,,, 8.665 , 55.289 
ESMERALDAS,2015,OCTUBRE, 6.079 , 454 , 822 , 50 , 217 , 13 , 267 , 7.902 , 4.133 , 33.934 ,,, 8.722 , 57.561 
ESMERALDAS,2015,NOVIEMBRE, 5.921 , 420 , 865 , 57 , 161 , 6 , 294 , 7.724 , 3.939 , 32.021 ,,, 8.500 , 52.905 
ESMERALDAS,2015,DICIEMBRE, 6.338 , 449 , 866 , 132 , 105 , 51 , 246 , 8.187 , 4.100 , 33.560 ,,, 9.013 , 55.776 
ESMERALDAS,2016,ENERO, 6.048 , 394 , 947 , 147 , 303 , 89 , 313 , 8.241 , 4.818 , 34.767 ,,, 9.188 , 57.918 
ESMERALDAS,2016,FEBRERO, 5.580 , 356 , 1.014 , 111 , 95 , 27 , 303 , 7.486 , 3.920 , 30.991 ,,, 8.245 , 50.872  
SANTO DOMINGO,2013,MAYO,5636,976,442,129,102,1,0,7286,2640,38909,1744,15502,9514,55225
SANTO DOMINGO,2013,JUNIO,5631,851,490,98,96,0,0,7166,2733,31973,1351,11515,9359,58214
SANTO DOMINGO,2013,JULIO,5649,762,538,115,116,0,0,7180,2911,28605,1149,10491,9288,44455
SANTO DOMINGO,2013,AGOSTO,5717,797,620,165,94,0,0,7393,4477,27402,1243,10576,9653,44753
SANTO DOMINGO,2013,SEPTIEMBRE,5926,702,704,90,98,3,0,7523,3218,27183,1095,10310,9979,45145
SANTO DOMINGO,2013,OCTUBRE,6013,722,825,110,108,5,0,7783,3289,28888,1207,11099,9980,47047
SANTO DOMINGO,2013,NOVIEMBRE,6158,690,761,136,105,6,0,7856,3310,26482,,,9762,43293
SANTO DOMINGO,2013,DICIEMBRE,7035,919,897,168,143,5,,9167,3831,29699,1220,10580,11363,80605
SANTO DOMINGO,2014,ENERO, 5.750 , 871 , 942 , 98 , 135 , 58 ,, 7.854 , 3.533 , 33.130 , 1.026 , 9.529 , 9.801 , 54.025 
SANTO DOMINGO,2014,FEBRERO, 5.545 , 770 , 846 ,, 114 , 15 ,, 7.290 , 3.138 , 29.054 ,,, 8.291 , 48.233 
SANTO DOMINGO,2014,MARZO, 6.721 , 427 , 1.132 ,, 180 , 5 , 0   , 8.465 , 3.763 , 36.025 ,,, 11.049 , 66.933 
SANTO DOMINGO,2014,ABRIL, 6.029 , 746 , 1.035 , 0   , 245 , 16 , 0   , 8.071 , 3.335 , 34.413 ,,, 10.288 , 61.707 
SANTO DOMINGO,2014,MAYO, 6.247 , 674 , 1.169 , 0   , 190 , 10 , 0   , 8.290 , 3.527 , 27.826 ,,, 8.303 , 57.913 
SANTO DOMINGO,2014,JUNIO, 6.704 , 577 , 1.316 , 2 , 113 , 4 , 0   , 8.716 , 3.846 , 22.835 ,,, 11.225 , 49.696 
SANTO DOMINGO,2014,JULIO, 7.978 , 1.064 , 1.942 , 0   , 187 , 7 , 103 , 11.281 , 5.896 , 26.787 ,,, 11.239 , 48.538 
SANTO DOMINGO,2014,AGOSTO, 6.971 , 826 , 1.201 , 3 , 150 , 8 , 179 , 9.338 , 4.244 , 26.041 ,,, 11.628 , 48.995 
SANTO DOMINGO,2014,SEPTIEMBRE, 6.361 , 686 , 1.190 , 3 , 127 , 1 , 189 , 8.557 , 4.022 , 22.432 ,,, 9.904 , 42.411 
SANTO DOMINGO,2014,OCTUBRE, 6.600 , 770 , 1.271 , 3 , 117 , 2 , 121 , 8.884 , 4.109 , 22.037 ,,, 10.187 , 42.632 
SANTO DOMINGO,2014,NOVIEMBRE, 7.071 , 693 , 1.190 , 0   , 138 , 8 , 153 , 9.253 , 4.060 , 23.914 ,,, 10.586 , 43.856 
SANTO DOMINGO,2014,DICIEMBRE, 7.554 , 1.057 , 1.259 ,,, 20 , 109 , 9.999 , 4.495 , 25.742 ,,, 11.572 , 47.426 
SANTO DOMINGO,2015,ENERO, 6.747 , 1.022 , 1.310 , 1 , 153 , 8 , 91 , 9.332 , 4.543 , 26.417 ,,, 10.775 , 46.681 
SANTO DOMINGO,2015,FEBRERO, 6.476 , 1.034 , 1.345 , 2 , 157 , 2 , 94 , 9.110 , 4.630 , 24.763 ,,, 10.433 , 44.068 
SANTO DOMINGO,2015,MARZO, 6.905 , 1.024 , 1.607 ,, 260 ,, 114 , 9.910 , 5.063 , 27.851 ,,, 10.917 , 53.647 
SANTO DOMINGO,2015,ABRIL, 6.821 , 1.019 , 1.478 ,, 299 ,, 126 , 9.743 , 4.891 , 28.807 ,,, 10.947 , 57.915 
SANTO DOMINGO,2015,MAYO, 7.383 , 1.060 , 1.727 , 1 , 210 ,, 96 , 10.477 , 5.327 , 28.987 ,,, 11.772 , 56.711 
SANTO DOMINGO,2015,JUNIO, 6.661 , 961 , 1.654 ,, 165 ,, 113 , 9.554 , 4.676 , 25.003 ,,, 10.588 , 47.808 
SANTO DOMINGO,2015,JULIO, 6.950 , 1.020 , 1.713 ,, 149 ,, 96 , 9.928 , 4.927 , 27.198 ,,, 9.928 , 52.610 
SANTO DOMINGO,2015,AGOSTO, 7.181 , 1.049 , 1.618 , 122 , 174 , 2 , 86 , 10.232 , 4.990 , 27.906 ,,, 11.465 , 54.434 
SANTO DOMINGO,2015,SEPTIEMBRE, 6.805 , 963 , 1.481 , 160 , 160 ,, 62 , 9.631 , 4.683 , 64.841 ,,, 10.955 , 90.757 
SANTO DOMINGO,2015,OCTUBRE, 6.796 , 850 , 1.238 , 199 , 126 , 4 , 65 , 9.278 , 4.430 , 25.737 ,,, 10.897 , 50.994 
SANTO DOMINGO,2015,NOVIEMBRE, 8.004 , 613 , 1.496 , 199 , 145 ,, 64 , 10.521 , 4.776 , 21.992 ,,, 11.748 , 48.092 
SANTO DOMINGO,2015,DICIEMBRE, 9.371 , 452 , 1.660 , 187 , 205 , 1 , 93 , 11.969 , 5.124 , 24.558 ,,, 13.347 , 53.949 
SANTO DOMINGO,2016,ENERO, 8.651 , 353 , 1.753 , 260 , 197 , 35 , 111 , 11.360 , 5.793 , 23.271 ,,, 12.574 , 52.819 
SANTO DOMINGO,2016,FEBRERO, 8.621 , 311 , 1.630 , 226 , 130 , 10 , 87 , 11.015 , 4.699 , 21.296 ,,, 12.164 , 47.453  
RIOBAMBA,2014,JUNIO, 4.290 , 619 , 920 , 52 , 144 , 11 , 4 , 6.040 , 3.316 , 18.305 ,,, 7.133 , 34.913 
RIOBAMBA,2014,JULIO, 4.038 , 532 , 930 , 52 , 185 , 13 , 52 , 5.802 , 3.193 , 18.680 ,,, 6.720 , 34.260 
RIOBAMBA,2014,AGOSTO, 3.864 , 533 , 996 , 86 , 214 , 9 , 51 , 5.753 , 3.226 , 18.248 ,,, 6.496 , 33.937 
RIOBAMBA,2014,SEPTIEMBRE, 3.978 , 532 , 933 , 85 , 238 , 7 , 78 , 5.851 , 3.310 , 16.898 ,,, 6.640 , 32.709 
RIOBAMBA,2014,OCTUBRE, 4.258 , 663 , 1.016 , 102 , 177 , 17 , 43 , 6.276 , 3.667 , 18.129 ,,, 7.151 , 34.925 
RIOBAMBA,2014,NOVIEMBRE, 4.248 , 559 , 1.041 , 110 , 158 , 12 , 15 , 6.143 , 3.632 , 16.858 ,,, 7.005 , 33.189 
RIOBAMBA,2014,DICIEMBRE, 4.423 , 733 , 1.143 , 153 , 225 , 16 , 17 , 6.710 , 3.919 , 15.996 ,,, 7.891 , 36.407 
RIOBAMBA,2015,ENERO, 4.028 , 681 , 1.107 , 87 , 163 , 20 , 24 , 6.110 , 3.500 , 15.624 ,,, 7.012 , 34.645 
RIOBAMBA,2015,FEBRERO, 3.771 , 823 , 1.113 , 72 , 151 , 20 , 10 , 5.960 , 3.247 , 17.206 ,,, 6.816 , 36.922 
RIOBAMBA,2015,MARZO, 3.723 , 744 , 1.093 , 107 , 187 , 18 , 22 , 5.894 , 3.169 , 18.365 ,,, 6.592 , 37.507 
RIOBAMBA,2015,ABRIL, 3.821 , 802 , 1.064 , 104 , 165 , 13 , 39 , 6.008 , 3.195 , 17.937 ,,, 6.853 , 37.393 
RIOBAMBA,2015,MAYO, 3.953 , 729 , 1.171 , 104 , 126 , 8 , 30 , 6.121 , 3.404 , 19.037 ,,, 6.912 , 38.474 
RIOBAMBA,2015,JUNIO, 3.733 , 765 , 1.086 , 110 , 147 , 22 , 14 , 5.877 , 3.272 , 17.608 ,,, 6.568 , 37.872 
RIOBAMBA,2015,JULIO, 3.810 , 736 , 1.108 , 92 , 144 , 14 , 11 , 5.915 , 3.236 , 17.732 ,,, 5.915 , 38.793 
RIOBAMBA,2015,AGOSTO, 3.758 , 676 , 1.137 , 108 , 240 , 9 , 11 , 5.939 , 3.276 , 18.053 ,,, 6.628 , 39.116 
RIOBAMBA,2015,SEPTIEMBRE, 3.543 , 705 , 1.070 , 120 , 442 , 10 , 28 , 5.918 , 3.375 , 17.263 ,,, 6.636 , 37.151 
RIOBAMBA,2015,OCTUBRE, 4.335 , 733 , 1.259 , 176 , 287 , 9 , 19 , 6.818 , 3.719 , 17.377 ,,, 7.621 , 39.538 
RIOBAMBA,2015,NOVIEMBRE, 4.126 , 674 , 1.158 , 134 , 168 , 6 , 72 , 6.338 , 3.385 , 16.211 ,,, 7.024 , 35.615 
RIOBAMBA,2015,DICIEMBRE, 4.710 , 823 , 1.261 , 151 , 210 , 13 , 51 , 7.219 , 3.858 , 18.095 ,,, 7.952 , 38.758 
RIOBAMBA,2016,ENERO, 4.463 , 659 , 1.271 , 114 , 283 , 14 , 39 , 6.843 , 4.142 , 23.271 ,,, 12.574 , 52.819 
RIOBAMBA,2016,FEBRERO, 4.139 , 673 , 1.336 , 110 , 178 , 10 , 37 , 6.483 , 3.687 , 16.902 ,,, 7.174 , 36.247 
IBARRA,2014,JUNIO, 5.059 , 89 , 1.519 , 0   , 201 , 53 , 72 , 6.993 , 3.440 , 21.630 , 1.758 , 3.267 , 7.750 , 38.116 
IBARRA,2014,JULIO, 4.927 , 103 , 1.556 , 0   , 357 , 28 , 53 , 7.024 , 3.381 , 26.025 , 1.529 , 3.112 , 7.798 , 42.439 
IBARRA,2014,AGOSTO, 4.552 , 515 , 1.620 , 0   , 664 , 16 , 46 , 7.413 , 3.655 , 26.264 , 1.307 , 2.880 , 8.247 , 46.734 
IBARRA,2014,SEPTIEMBRE, 4.204 , 556 , 1.632 , 0   , 602 , 9 , 55 , 7.058 , 3.605 , 21.965 , 6.198 , 11.343 , 7.593 , 39.102 
IBARRA,2014,OCTUBRE, 4.342 , 649 , 1.650 , 0   , 290 , 18 , 29 , 6.978 , 3.520 , 22.901 , 11.291 , 22.593 , 7.430 , 39.558 
IBARRA,2014,NOVIEMBRE, 4.685 , 632 , 1.521 , 0   , 161 , 6 , 54 , 7.059 , 3.432 , 22.701 , 11.539 , 22.417 , 7.715 , 40.670 
IBARRA,2014,DICIEMBRE, 5.000 , 705 , 1.635 , 0   , 177 , 3 , 53 , 7.573 , 3.896 , 24.227 , 12.434 , 23.783 , 8.229 , 43.909  
IBARRA,2015,ENERO, 4.522 , 620 , 1.652 , 0   , 233 , 1 , 46 , 7.074 , 3.897 , 23.293 , 11.974 , 23.098 , 7.696 , 41.376 
IBARRA,2015,FEBRERO, 4.493 , 612 , 1.776 , 0   , 160 , 7 , 44 , 7.092 , 4.079 , 22.765 , 11.401 , 22.434 , 7.719 , 40.153 
IBARRA,2015,MARZO, 4.586 , 634 , 1.986 , 0   , 223 , 3 , 80 , 7.512 , 4.404 , 23.581 , 12.081 , 23.372 , 8.131 , 43.463 
IBARRA,2015,ABRIL, 4.535 , 639 , 1.862 , 0   , 202 , 16 , 29 , 7.283 , 4.306 , 23.373 ,,, 7.843 , 48.075 
IBARRA,2015,MAYO, 4.985 , 770 , 1.908 , 0   , 307 , 6 , 19 , 7.995 , 4.789 , 25.303 ,,, 8.520 , 47.556 
IBARRA,2015,JUNIO, 4.452 , 766 , 1.829 , 0   , 376 , 8 , 10 , 7.441 , 4.435 , 23.000 ,,, 7.946 , 43.670 
IBARRA,2015,JULIO, 4.293 , 705 , 1.661 ,, 450 , 5 , 29 , 7.143 , 4.352 , 24.942 ,,, 7.143 , 46.385 
IBARRA,2015,AGOSTO, 4.739 , 719 , 1.720 , 0   , 801 , 11 , 44 , 8.034 , 4.958 , 24.893 ,,, 8.742 , 50.096 
IBARRA,2015,SEPTIEMBRE, 4.098 , 687 , 1.618 , 123 , 1.075 , 8 , 23 , 7.632 , 4.738 , 22.063 ,,, 8.699 , 46.196 
IBARRA,2015,OCTUBRE, 4.433 , 827 , 1.687 , 273 , 393 , 7 , 17 , 7.637 , 4.203 , 20.074 ,,, 8.415 , 41.849 
IBARRA,2015,NOVIEMBRE, 4.495 , 732 , 1.663 , 251 , 156 , 4 , 26 , 7.327 , 3.948 , 19.821 ,,, 8.050 , 39.578 
IBARRA,2015,DICIEMBRE, 5.186 , 782 , 1.750 , 325 , 344 , 8 , 20 , 8.415 , 4.450 , 22.917 ,,, 9.286 , 44.167  
IBARRA,2016,ENERO, 4.910 , 712 , 1.772 , 268 , 290 , 15 , 43 , 8.010 , 4.753 , 20.424 ,,, 8.845 , 40.273 
IBARRA,2016,FEBRERO, 4.823 , 654 , 1.703 , 303 , 258 , 1 , 34 , 7.776 , 4.198 , 18.468 ,,, 8.492 , 37.542 
LOJA,2014,AGOSTO, 4.831 , 656 , 1.289 , 156 , 246 , 50 , 154 , 7.382 , 3.222 , 25.763 ,,, 8.906 , 54.002 
LOJA,2014,SEPTIEMBRE, 4.495 , 575 , 1.269 , 160 , 290 , 93 , 183 , 7.065 , 2.950 , 20.241 ,,, 8.662 , 47.540 
LOJA,2014,OCTUBRE, 4.626 , 547 , 1.187 , 216 , 275 , 103 , 149 , 7.103 , 2.835 , 19.432 ,,, 8.529 , 47.339 
LOJA,2014,NOVIEMBRE, 4.834 , 562 , 1.302 , 191 , 191 , 119 , 156 , 7.355 , 2.999 , 18.343 ,,, 8.752 , 47.375 
LOJA,2014,DICIEMBRE, 5.069 , 608 , 1.511 , 227 , 229 , 36 , 216 , 7.896 , 3.135 , 20.250 ,,, 9.620 , 51.320 
LOJA,2015,ENERO, 4.049 , 535 , 1.612 , 211 , 213 , 48 , 235 , 6.903 , 2.956 , 20.434 ,,, 8.157 , 49.358 
LOJA,2015,FEBRERO, 3.858 , 640 , 1.501 , 230 , 179 , 42 , 203 , 6.653 , 3.181 , 19.175 ,,, 7.742 , 46.526 
LOJA,2015,MARZO, 4.005 , 738 , 1.563 , 472 , 376 , 339 , 357 , 7.850 , 3.400 , 20.326 ,,, 9.473 , 52.669 
LOJA,2015,ABRIL, 3.933 , 697 , 1.447 , 344 , 187 , 150 , 293 , 7.051 , 2.997 , 21.748 ,,, 8.371 , 55.453 
LOJA,2015,MAYO, 4.944 , 983 , 1.526 , 306 , 188 , 54 , 281 , 8.282 , 3.523 , 21.775 ,,, 9.668 , 54.172 
LOJA,2015,JUNIO, 3.827 , 979 , 1.447 , 430 , 174 , 66 , 345 , 7.268 , 2.995 , 20.709 ,,, 8.773 , 50.923 
LOJA,2015,JULIO, 4.100 , 915 , 1.500 , 358 , 179 , 52 , 396 , 7.500 , 3.377 , 25.166 ,,, 7.500 , 66.791 
LOJA,2015,AGOSTO, 4.306 , 960 , 1.637 , 363 , 333 , 18 , 366 , 7.983 , 3.963 , 25.543 ,,, 9.202 , 66.722 
LOJA,2015,SEPTIEMBRE, 4.111 , 888 , 1.502 , 260 , 435 , 9 , 300 , 7.505 , 3.800 , 24.659 ,,, 8.684 , 56.141 
LOJA,2015,OCTUBRE, 4.797 , 913 , 1.559 , 266 , 342 , 20 , 336 , 8.233 , 4.142 , 21.086 ,,, 9.337 , 54.128 
LOJA,2015,NOVIEMBRE, 4.673 , 924 , 1.566 , 213 , 369 , 10 , 246 , 8.001 , 4.190 , 17.798 ,,, 8.993 , 51.375 
LOJA,2015,DICIEMBRE, 4.867 , 994 , 1.674 , 205 , 311 , 13 , 275 , 8.339 , 4.435 , 20.918 ,,, 9.194 , 54.776 
LOJA,2016,ENERO, 4.379 , 825 , 1.713 , 232 , 305 , 16 , 215 , 7.685 , 4.595 , 21.065 ,,, 8.435 , 55.154 
LOJA,2016,FEBRERO, 3.810 , 859 , 1.713 , 187 , 164 , 10 , 216 , 6.959 , 3.760 , 19.666 ,,, 7.586 , 50.251  
MACAS,2014,JULIO, 1.509 , 150 , 489 , 0   , 38 , 4 , 42 , 2.232 , 898 , 6.453 ,,, 2.586 , 13.634 
MACAS,2014,AGOSTO, 1.606 , 175 , 491 , 2 , 57 , 2 , 60 , 2.393 , 959 , 6.979 ,,, 2.671 , 14.238 
MACAS,2014,SEPTIEMBRE, 1.455 , 151 , 519 , 0   , 58 , 4 , 45 , 2.232 , 948 , 6.208 ,,, 2.352 , 12.429 
MACAS,2014,OCTUBRE, 1.292 , 169 , 522 , 4 , 33 ,, 39 , 2.059 , 892 , 5.261 ,,, 2.318 , 10.798 
MACAS,2014,NOVIEMBRE, 1.471 , 134 , 590 , 33 , 33 , 0   , 18 , 2.279 , 1.000 , 5.883 ,,, 2.551 , 12.821 
MACAS,2014,DICIEMBRE, 1.776 , 187 , 542 , 11 , 35 ,, 21 , 2.572 , 1.014 , 5.438 ,,, 2.949 , 12.760  
MACAS,2015,ENERO, 1.602 , 212 , 726 , 1 , 43 ,, 33 , 2.617 , 1.307 , 6.319 ,,, 2.771 , 12.311 
MACAS,2015,FEBRERO, 1.430 , 246 , 558 , 40 , 54 , 1 , 25 , 2.354 , 1.339 , 5.579 ,,, 2.454 , 11.553 
MACAS,2015,MARZO, 1.519 , 266 , 733 , 68 , 52 ,, 55 , 2.693 , 1.453 , 6.378 ,,, 2.743 , 10.846 
MACAS,2015,ABRIL, 1.494 , 326 , 685 , 66 , 111 ,, 19 , 2.701 , 1.470 , 6.348 ,,, 2.770 , 14.370 
MACAS,2015,MAYO, 1.694 , 329 , 681 , 86 , 50 ,, 38 , 2.878 , 1.471 , 5.758 ,,, 2.770 , 13.349 
MACAS,2015,JUNIO, 1.491 , 287 , 634 , 40 , 71 , 0   , 51 , 2.574 , 1.351 , 5.373 ,,, 2.700 , 15.626 
MACAS,2015,JULIO, 1.561 , 263 , 646 , 57 , 41 ,, 51 , 2.619 , 1.350 , 4.788 ,,, 2.619 , 16.231 
MACAS,2015,AGOSTO, 1.598 , 197 , 683 , 55 , 38 ,, 36 , 2.607 , 1.425 , 4.568 ,,, 2.784 , 19.097 
MACAS,2015,SEPTIEMBRE, 1.505 , 207 , 644 , 37 , 66 ,, 46 , 2.505 , 1.357 , 4.620 ,,, 2.654 , 14.325 
MACAS,2015,OCTUBRE, 1.509 , 228 , 701 , 34 , 46 ,, 16 , 2.534 , 1.453 , 4.304 ,,, 2.715 , 12.849 
MACAS,2015,NOVIEMBRE, 1.515 , 206 , 715 , 23 , 34 ,, 21 , 2.514 , 1.507 , 4.891 ,,, 2.751 , 13.454 
MACAS,2015,DICIEMBRE, 1.807 , 246 , 708 , 24 , 34 ,, 31 , 2.850 , 1.604 , 5.585 ,,, 2.990 , 14.544  
MACAS,2016,ENERO, 1.689 , 168 , 808 , 29 , 50 ,, 29 , 2.773 , 1.694 , 21.065 ,,, 8.435 , 55.154 
MACAS,2016,FEBRERO, 1.527 , 224 , 756 , 18 , 37 , 14 , 65 , 2.641 , 1.460 , 5.221 ,,, 2.759 , 13.546  
NUEVA LOJA,2014,SEPTIEMBRE, 2.019 , 0   , 361 , 31 , 54 , 4 , 81 , 2.550 , 807 , 15.378 ,,, 3.129 , 22.494 
NUEVA LOJA,2014,OCTUBRE, 2.065 , 9 , 318 , 47 , 26 , 3 , 243 , 2.711 , 1.022 , 15.996 ,,, 2.968 , 23.529 
NUEVA LOJA,2014,NOVIEMBRE, 2.260 , 87 , 453 , 61 , 21 , 1 , 329 , 3.212 , 1.071 , 15.664 ,,, 3.261 , 23.395 
NUEVA LOJA,2014,DICIEMBRE, 2.104 , 165 , 450 , 58 , 59 , 3 , 450 , 3.289 , 1.288 , 17.013 ,,, 3.770 , 26.541  
NUEVA LOJA,2015,ENERO, 1.855 , 112 , 391 , 36 , 29 , 3 , 290 , 2.716 , 1.167 , 17.253 ,,, 3.063 , 24.804 
NUEVA LOJA,2015,FEBRERO, 1.905 , 115 , 380 , 41 , 40 , 5 , 301 , 2.787 , 1.419 , 15.799 ,,, 3.171 , 24.141 
NUEVA LOJA,2015,MARZO, 2.085 , 129 , 361 , 35 , 35 , 5 , 370 , 3.020 , 1.502 , 17.050 ,,, 3.469 , 26.410 
NUEVA LOJA,2015,ABRIL, 2.161 , 492 , 492 , 54 , 27 , 6 , 333 , 3.565 , 1.480 , 16.086 ,,, 3.343 , 25.498 
NUEVA LOJA,2015,MAYO, 2.175 , 266 , 536 , 52 , 37 , 1 , 365 , 3.432 , 1.468 , 15.331 ,,, 3.432 , 25.090 
NUEVA LOJA,2015,JUNIO, 1.950 , 243 , 535 , 68 , 27 , 8 , 470 , 3.301 , 1.338 , 14.688 ,,, 3.302 , 25.368 
NUEVA LOJA,2015,JULIO, 2.026 , 270 , 491 , 41 , 32 , 10 , 497 , 3.367 , 1.434 , 5.854 ,,, 3.367 , 29.058 
NUEVA LOJA,2015,AGOSTO, 2.080 , 257 , 557 , 67 , 32 , 5 , 483 , 3.481 , 1.524 , 1.913 ,,, 3.644 , 25.951 
NUEVA LOJA,2015,SEPTIEMBRE, 2.006 , 263 , 499 , 109 , 73 , 19 , 427 , 3.396 , 1.420 , 1.238 ,,, 3.586 , 22.228 
NUEVA LOJA,2015,OCTUBRE, 2.267 , 275 , 563 , 65 , 47 , 6 , 524 , 3.747 , 1.570 , 11.801 ,,, 3.949 , 22.458 
NUEVA LOJA,2015,NOVIEMBRE, 2.047 , 243 , 552 , 71 , 68 , 7 , 443 , 3.431 , 1.566 , 11.416 ,,, 3.618 , 21.692 
NUEVA LOJA,2015,DICIEMBRE, 2.228 , 275 , 578 , 48 , 31 , 2 , 414 , 3.576 , 1.548 , 10.354 ,,, 3.756 , 20.777  
NUEVA LOJA,2016,ENERO, 2.124 , 250 , 675 , 35 , 81 , 2 , 417 , 3.584 , 1.898 , 9.994 ,,, 3.780 , 20.517 
NUEVA LOJA,2016,FEBRERO, 1.808 , 214 , 584 , 23 , 50 , 1 , 438 , 3.118 , 1.350 , 9.251 ,,, 3.302 , 18.846  
TULCÁN,2014,SEPTIEMBRE, 1.174 , 142 , 231 , 56 , 201 , 0   , 30 , 1.834 , 842 , 10.084 ,,, 2.056 , 20.836 
TULCÁN,2014,OCTUBRE, 988 , 120 , 207 , 82 , 113 , 0   , 9 , 1.519 , 597 , 10.485 ,,, 1.639 , 21.250 
TULCÁN,2014,NOVIEMBRE, 2.324 , 200 , 661 , 167 , 151 , 2 , 58 , 3.563 , 1.637 , 10.246 ,,, 3.936 , 20.845 
TULCÁN,2014,DICIEMBRE, 2.455 , 237 , 702 , 159 , 143 , 6 , 59 , 3.761 , 1.711 , 12.333 ,,, 4.099 , 22.337 
TULCÁN,2015,ENERO, 2.142 , 232 , 690 , 104 , 97 , 0   , 106 , 3.371 , 1.443 , 11.044 ,,, 3.714 , 20.300 
TULCÁN,2015,FEBRERO, 1.886 , 245 , 636 , 117 , 133 , 1 , 58 , 3.076 , 1.309 , 11.677 ,,, 3.397 , 20.307 
TULCÁN,2015,MARZO, 2.196 , 265 , 666 , 156 , 162 , 1 , 99 , 3.545 , 1.387 , 11.455 ,,, 3.881 , 21.163 
TULCÁN,2015,ABRIL, 2.355 , 254 , 656 , 133 , 153 , 7 , 53 , 3.611 , 1.301 , 11.168 ,,, 3.928 , 20.769 
TULCÁN,2015,MAYO, 2.447 , 221 , 725 , 117 , 175 , 1 , 62 , 3.748 , 1.402 , 11.249 ,,, 4.395 , 21.655 
TULCÁN,2015,JUNIO, 1.722 , 230 , 715 ,, 108 ,,, 2.775 , 1.217 , 10.533 ,,, 3.744 , 19.931 
TULCÁN,2015,JULIO, 1.741 , 199 , 749 , 94 , 184 ,, 96 , 3.063 , 1.202 , 12.294 ,,, 3.063 , 21.701 
TULCÁN,2015,AGOSTO, 1.739 , 218 , 698 , 112 , 259 , 2 , 66 , 3.094 , 1.263 , 11.081 ,,, 3.250 , 20.588 
TULCÁN,2015,SEPTIEMBRE, 1.635 , 237 , 657 , 150 , 415 , 3 , 168 , 3.265 , 1.390 , 10.206 ,,, 3.475 , 20.984 
TULCÁN,2015,OCTUBRE, 1.766 , 213 , 662 , 140 , 207 , 1 , 167 , 3.156 , 1.164 , 9.313 ,,, 3.344 , 19.843 
TULCÁN,2015,NOVIEMBRE, 1.729 , 196 , 706 , 139 , 163 , 4 , 125 , 3.062 , 1.169 , 9.030 ,,, 3.224 , 18.135 
TULCÁN,2015,DICIEMBRE, 1.722 , 222 , 716 , 97 , 178 , 1 , 143 , 3.079 , 1.251 , 8.941 ,,, 3.215 , 18.704  
TULCÁN,2016,ENERO, 1.684 , 184 , 798 , 114 , 183 , 6 , 169 , 3.138 , 1.375 , 9.388 ,,, 3.298 , 19.175 
TULCÁN,2016,FEBRERO, 1.466 , 162 , 626 , 93 , 134 , 1 , 149 , 2.631 , 1.093 , 8.313 ,,, 2.741 , 16.684  
SAN CRISTÓBAL,2015,AGOSTO, 314 , 4 , 130 , 17 , 15 ,, 5 , 485 , 271 , 959 ,,, 578 , 2.419 
SAN CRISTÓBAL,2015,SEPTIEMBRE, 239 , 9 , 182 , 12 , 16 ,, 7 , 465 , 253 , 846 ,,, 502 , 2.227 
SAN CRISTÓBAL,2015,OCTUBRE, 295 , 8 , 49 , 38 , 8 ,, 6 , 404 , 183 , 828 ,,, 404 , 2.217 
SAN CRISTÓBAL,2015,NOVIEMBRE, 338 , 6 , 94 , 29 , 11 ,, 11 , 489 , 269 , 714 ,,, 546 , 2.218 
SAN CRISTÓBAL,2015,DICIEMBRE, 414 , 10 , 103 , 41 , 9 ,, 2 , 579 , 270 , 782 ,,, 662 , 2.641 
SAN CRISTÓBAL,2016,ENERO, 412 , 13 , 103 , 44 , 5 , 5 , 5 , 587 , 347 , 797 ,,, 640 , 2.380 
SAN CRISTÓBAL,2016,FEBRERO, 366 , 29 , 86 , 40 , 10 ,, 16 , 547 , 281 , 689 ,,, 614 , 2.168 

